institution,source_url,project_name,country,approval_date,amount_usd_m,YOUR_INSTRUMENT,YOUR_INSTRUMENT_REASON,description_excerpt
IDB Invest,https://idbinvest.org/en/projects/sustainable-mobility-bond-mexico,Sustainable Mobility Bond in Mexico,Mexico,8/28/2025,1.5,Senior Debt,senior bond subscription,"The Project consists of the subscription of a senior thematic bond &nbsp;(Sustainable Bond) in local currency (MXN), issued by a new special purpose vehicle (“SPV”) to be incorporated in Mexico. The issuance will be backed by a portfolio of segregated loans under a private issuance modality &nbsp;(p"
IDB Invest,https://idbinvest.org/en/projects/bicycle-growth-fund-i,Bicycle Growth Fund I,Latin America Regional,5/27/2025,10,Equity,"LP investment, not private credit","IDB Invest is proposing an investment of US$10 million as a limited partner in Bicycle I, L.P. (the “Fund”), a Private Equity (“PE”) fund incorporated under the laws of Delaware. The Fund will target&nbsp;10-15 investments in growth-stage companies harnessing the power of data and technology to rede"
IDB Invest,https://idbinvest.org/en/projects/banco-sol-social-gender-bond-pcg,Banco Sol - Social Gender Bond (PCG),Bolivia,3/26/2024,15,Guarantee,guarantee,"The proposed transaction consists in a guarantee denominated in bolivianos (BOB) for up to US$15&nbsp;million to support an issuance in the Bolivian market of Social Gender Bonds in the amount of US$30 million by Banco Solidario, S.A. (“Banco Sol” or the “Bank”), to be financed by IDB Invest (the “P"
IDB Invest,https://idbinvest.org/en/projects/ecoenterprises-biodiversity-and-climate-fund,EcoEnterprises Biodiversity and Climate Fund,Latin America Regional,12/13/2023,5,Equity,equity in fund,"IDB Invest is considering an equity investment of up to US$10 million (inclusive of a US$5&nbsp;million Blended Finance equity participation with resources from funds managed by IDB Invest) in the EcoEnterprises Partners IV, LP (the “Fund”), an impact investing fund that will offer tailored growth c"
IDB Invest,https://idbinvest.org/en/projects/fedecredito-dpr-2023-women-entrepreneurs-empowerment-bond,Fedecredito (DPR 2023) - Women Entrepreneurs Empowerment Bond,El Salvador,12/5/2023,20,Senior Debt,credit issuance,The project consists of the issuance by Fedecredito (the “Sponsor”) of its first Social Bond with a Gender Lens under its Remittance Securitization Program (“RSP” or the “Program”). The total amount of the Bond is up to US$85 million with a seven-year term. IDB Invest’s subscription will be of up to
IDB Invest,https://idbinvest.org/en/projects/vinte-sustainable-bond-2023,Vinte - Sustainable Bond 2023,Mexico,11/30/2023,2.4,Senior Debt,buying a bond,The project consists of the participation of IDB Invest as an anchor investor for an amount of up to MXN$750 million in the issuance of a sustainable bond by Vinte Propiedades Integrales S.A.B. of C.V. to finance working capital for the development of sustainable low-income housing in Mexico.
IDB Invest,https://idbinvest.org/en/projects/responsability-sustainable-food-latam-i,responsAbility Sustainable Food - Latam I,Latin America Regional,11/14/2023,15,Equity,equity in fund,"IDB Invest is considering an investment of up to US$15 million in responsAbility Sustainable Food – Latam (the “Fund”), marking the first cooperation with experienced impact manager responsAbility (“responsAbility"" or “the Fund Manager”). The Fund will make mezzanine investments in fruit &amp; veget"
IDB Invest,https://idbinvest.org/en/projects/nazca-continuity-fund-i,Nazca Continuity Fund I,Latin America Regional,7/28/2023,5,Equity,equity in fund,"The Project consists in an equity investment of up to USD 5 million in Nazca C-Fund I, LP (“Nazca LAC Digital Growth Fund” or the “Fund”), a new regional venture capital growth fund aimed at investing in the most notable high-performing digital-based companies of Nazca Fund I and Fund II to support "
IDB Invest,https://idbinvest.org/en/projects/sura-corporate-private-debt-fund,SURA Corporate Private Debt Fund,Colombia,5/16/2023,0,,LP investment in private credit,"The transaction consists of an investment of up to US$25 million in COP in FCP SURA Corporate Private Debt - Corporate Private Debt Compartment ( ), which consists of a private credit fund that will provide financing to Small and Medium-sized Enterprises (""SMEs"") and Middle Market Enterprises (""MMEs"
IDB Invest,https://idbinvest.org/en/projects/lac-gender-diversity-inclusion-fund,LAC Gender Diversity & Inclusion Fund,Latin America Regional,5/16/2023,40,Equity,equity in fund,"The Project consists of an investment in the BlueOrchard Latin America and the Caribbean Gender, Diversity, and Inclusion Fund S.C.A., SICAV-RAIF (the “Fund”), the first private debt Gender, Diversity &amp; Inclusion (“GDI”) fund in Latin America and the Caribbean (“LAC”). The Fund will focus on inc"
IDB Invest,https://idbinvest.org/en/projects/banco-de-bogota-subordinated-sustainable-bond,Banco de Bogotá – Subordinated Sustainable Bond,Colombia,12/19/2022,30,,subordinated debt?,"The Project consists in providing Tier II subordinated financing to Banco de Bogotá for a total amount of up to US$505 million, as follows: (i) the IDB Group will provide an amount of up to US$80 million; and (ii) other co‑investors will provide an amount of up to US$425 million, through a private p"
IDB Invest,https://idbinvest.org/en/projects/social-bond-diversity-and-inclusion-cooperativa-jardin-azuayo,Social Bond of Diversity and Inclusion - Cooperativa Jardín Azuayo,Ecuador,12/9/2022,20,Senior Debt,buying a bond,"The project consists of supporting Cooperativa de Ahorro y Crédito Jardín Azuayo Ltda (""CJA""), in the first Senior Social Bond of Diversity and Inclusion in Ecuador and the region. The total amount of the Bond is up to US$20 million with a four-year term. IDB Invest will act as anchor investor with "
IDB Invest,https://idbinvest.org/en/projects/banco-bolivariano-blue-bond,Banco Bolivariano Blue Bond,Ecuador,12/9/2022,15,Senior Debt,bond issuance,The Project consists of supporting Banco Bolivariano C.A. to issue the first Blue Bond in Ecuador. The total amount of the Bond is up to US$50 million with a five-year term. IDB Invest will act as an anchor investor with a subscription for a total amount of up to US$40 million. Another potential inv
IDB Invest,https://idbinvest.org/en/projects/credicorp-capital-private-debt-fund,Credicorp Capital - Private Debt Fund,Colombia,9/20/2022,0,,private credit fund,"IDB Invest has proposed an investment of up to: (i) the equivalent of US$40 million in Colombian pesos; and (ii) 20% of the Fund’s total commitments. The Project consists of a capital investment in the Fondo de Capital Privado Credicorp Capital Deuda Privada I &nbsp; (the ""Fund""), a private credit f"
IDB Invest,https://idbinvest.org/en/projects/hmb-partnership,HMB Partnership,Trinidad and Tobago,9/15/2022,0,Senior Debt,,"The proposed transaction with (“HMB”) consists of a senior secured bond financing of up to TTD300 million with a tenor of up to five years, to be funded by IDB Invest. One of the mandates of HMB is to develop the secondary mortgage market. Through the use of proceeds, the IDB Invest’s role will be t"
IDB Invest,https://idbinvest.org/en/projects/promerica-es-bond,Promerica ES - Bond,El Salvador,12/21/2021,20,Senior Debt,,"The proposed transaction is a subscription to the first public issuance program of sustainable bonds by in the local Salvadoran market, for up to US$100 million, of which US$20 million will be subscribed by IDB Invest during the first issue and the remainder, limited to US$80&nbsp;million, will be s"
IDB Invest,https://idbinvest.org/en/projects/rutas-27-bond,Rutas 2/7 - Bond,Paraguay,12/7/2021,80.5,Senior Debt,bond issuance for PPP refinancing for highway expansion project,
IDB Invest,https://idbinvest.org/en/projects/refi-rumichaca-pasto-4g-toll-road,Rumichaca-Pasto Toll-road - Social Financing,Colombia,11/23/2021,0,,"a toll road refinancing where IDB expects to ""help mobilize institutional investor resources"", so unclear","The Rumichaca-Pasto corridor (the “Project) is part of the fourth generation (4G) concession group led by the Government of Colombia through its National Infrastructure Agency (ANI, for its Spanish acronym). The Project, operated by Concesionaria Vial Unión del Sur (the “Concessionaire”), covers 83 "
IDB Invest,https://idbinvest.org/en/projects/pichincha-gender-bond,Pichincha Gender Bond,Ecuador,11/18/2021,15,Senior Debt,,The project consists of supporting Banco Pichincha C.A. in the first Senior Social Gender Bond issuance in Ecuador. The total amount of the Bond is up to US$200 million with a five-year term. IDB Invest will act as investor with a subscription for a total amount of up to US$50 million. The Internati
IDB Invest,https://idbinvest.org/en/projects/banking-institution-colombia-bank,"Banking Institution of Colombia (""The Bank"")",Colombia,11/5/2021,0,Senior Debt,,"The proposed transaction consists of supporting the Bank to strengthen its funding through the purchase of COP76.5 billion (approximately US$20 million) of the Social Bonds to be issued by this entity, the total value of the issuance is up to COP150 billion. The remaining investors will be Colombian"
IDB Invest,https://idbinvest.org/en/projects/produbanco-sustainable-bond,Produbanco Sustainable Bond,Ecuador,7/29/2021,40,Senior Debt,,The Project consists of supporting Produbanco (“PB”) in the first issuance of a Sustainable Bond in the private sector of Ecuador. The total amount of the Bond is up to US$50 million divided in two&nbsp;series:&nbsp;(i)&nbsp;Serie A where IDB Invest will act as an investor with a 100% subscription f
IDB Invest,https://idbinvest.org/en/projects/bncr-social-subordinated-bond,BNCR - Social Subordinated Bond,Costa Rica,6/30/2021,45,,subordinated debt?,The proposed transaction consists of a social subordinated bond of up to US$75 million which will be funded in up to US$50 million by IDB Invest and the rest (up to US$25 million) by other impact investors. IDB Invest will support Banco Nacional de Costa Rica (“BNCR” or the “Bank”) to launch its fir
IDB Invest,https://idbinvest.org/en/projects/cardal-punta-del-tigre-salto-t-line-b-bond,Cardal-Punta del Tigre-Salto T-Line B Bond,Uruguay,6/15/2021,14,,"subordinated debt? Source says B bond, but also seems to mostly be about an E&S review for which it scored a ""B"", so unclear","On December 2019 the Uruguayan National Utility of Electric Plants and Transmission Administration (Administración Nacional de Usinas y Trasmisiones Electricas, herafater “UTE"") awarded Tealov S. A. the design and construction of: i) a 60 km long 500 kV transmission line (“TL”); ii) a 20 km 150 kV T"
IDB Invest,https://idbinvest.org/en/projects/bbva-ur-subordinated-sustainable-bond,BBVA UR - Subordinated Sustainable Bond,Uruguay,9/30/2020,15,,subordinated debt? Source says subordinated bond,"Scope of Environmental and Social Review. The environmental and social review of the proposed transaction was carried out through desk research, several client interviews, and a portfolio review. BBVA is an existing client of the IDB Group and has an Environmental and Social Management System (“ESMS"
IDB Invest,https://idbinvest.org/en/projects/proyecto-dcm-17,Proyecto DCM #17,Colombia,9/29/2020,0,Senior Debt,,"The project consists of a subscription of a social bond with a focus on gender for up to the equivalent in Colombian pesos to US$40 million, to be issued by a Colombian entity through an offer on Colombia’s Second Market. The issue will be divided into two series: (i) Series A, for the equivalent in"
IDB Invest,https://idbinvest.org/en/projects/guayaquil-social-bond,Guayaquil Social Bond,Ecuador,7/27/2020,15,Senior Debt,,"The Project consists of supporting Banco Guayaquil (“BG”), as it issues its first social bond for Ecuador’s private sector. The total amount of the bond is up to US$30 million, and IDB Invest will take part as an investor, with a subscription of 100%. The proceeds from this medium-term social bond w"
IDB Invest,https://idbinvest.org/en/projects/banco-abc-social-bond,Banco ABC - Social Bond,Brazil,7/22/2020,19.8,Senior Debt,,The transaction consists of a Local Bond (Letras Financeiras) issuance for the equivalent in Brazilian reais of US$100 million for a tenor of five years bullet. The Letras Financeiras shall be classified as Social Bonds as per the International Capital Market Association’s Social Bond Principles. Th
IDB Invest,https://idbinvest.org/en/projects/dcm-project-15,DCM Project #15,Colombia,7/9/2020,0,Senior Debt,,"The project consists of a subscription to a social gender issue equivalent in Colombian pesos of up to US$100&nbsp;million, to be issued by a Colombian entity through an offer on Colombia’s second market. The issue will have a term of up to seven years, with a balloon payment of the principle upon m"
IDB Invest,https://idbinvest.org/en/projects/aes-el-salvador-deferred-electricity-receivables-purchase-facility,Facilidad para la Compra de Cuentas de Electricidad por Cobrar de AES El Salvador,El Salvador,7/2/2020,60,Senior Debt,transaction facilities are presumably senior debt?,"The proposed transaction is a payment facility to purchase accounts receivable for up to USD 120 million (""The Facility"" or ""The Transaction"") that will be used to discount electricity bills issued by four (4) electricity distribution companies in El Salvador: i) Compañía de Alumbrado Eléctrico de S"
IDB Invest,https://idbinvest.org/en/projects/financial-inclusion-social-bond,Financial Inclusion Social Bond,Peru,6/23/2020,0,Senior Debt,,The transaction consists of IDB Invest underwriting two bond issues by a Peruvian financial company for up to US$20 million: (i) a subordinated social bond aimed at equal opportunities for women-led micro and small enterprises denominated in Peruvian Soles (“PEN”) for up to the equivalent of US$10 m
IDB Invest,https://idbinvest.org/en/projects/promerica-cr-sustainable-bond-guarantee,Promerica CR – Sustainable Bond Guarantee,Costa Rica,6/10/2020,15,Senior Debt,,"The proposed transaction consists of a Guarantee Program denominated in United States Dollars (“US$”) of up to US$15 million, to support a US$50 million Sustainable Bond issuance by Banco Promerica de Costa Rica, S.A. (“Promerica CR”) in the panaminian market, to be funded by IDB Invest (the “Projec"
IDB Invest,https://idbinvest.org/en/projects/movistar-peru-financing-handsets-and-digital-services,Movistar Perú Financiamiento de Dispositivos Móviles y Servicios Digitales,Peru,6/5/2020,50,Senior Debt,transaction facilities are presumably senior debt?,The proposed transaction is a facility for the purchase of accounts receivable for up to US$50&nbsp;million (“Discount Facility” or “the Project”) that will be used to discount invoices from Telefónica del Perú S.A.A.’s (“Telefónica del Perú” or “the Company”) program to provide individual and corpo
IDB Invest,https://idbinvest.org/en/projects/credit-project-fund,Credit Project Fund,Brazil,5/29/2020,14.7,Equity,,The Inter-American Investment Corporation (IDB Invest) is considering an investment of up to US$150 million (in BRL equivalent) through the subscription of quotas of an investment fund in Brazil (the “Fund”). IDB Invest’s participation will allow the fund to reach the necessary scale to effectively 
IDB Invest,https://idbinvest.org/en/projects/konfio,Konfío,Mexico,12/18/2019,2.1,Guarantee,,"Konfío is an online platform that revolutionizes corporate credit processes in Mexico, making it easier for micro, small, and medium enterprises (""MSMEs"")&nbsp;to access formal financing through technology, data science, and efficient digital transactions. IDB Invest is considering granting a guaran"
IDB Invest,https://idbinvest.org/en/projects/project-dcm-13,Project DCM #13,Dominican Republic,11/20/2019,0,Senior Debt,,"IDB Invest is considering an investment of up to DOP 1,000 million in a private placement of a bond denominated in Dominican Pesos (""DOP"") to be issued by a Dominican financial institution. The bond issue will be divided in two tranches with a term of five years and a single payment of capital at ma"
IDB Invest,https://idbinvest.org/en/projects/banistmo-social-bond-gender-focus,Banistmo Social Bond with a Gender Focus,Panama,7/16/2019,50,Senior Debt,,"The project consists in the subscription of the first Social Bond with a Gender focus, to be issued by Banistmo S.A. (“Banistmo”) in the local market (private placement) for up to US$30 million, bullet, in a maximum five-year term. The proceeds will be used to finance projects with high positive soc"
IDB Invest,https://idbinvest.org/en/projects/project-dcm-10,Project DCM #10,Colombia,6/18/2019,0,Senior Debt,,"The project consists of a subscription to a sustainable bond issue for up to COP$657,000 million to be issued by a Colombian entity through an offer on Colombia’s second market (segundo mercado). The bond issue will be divided in two tranches with a term of five and ten years, with a single payment "
IDB Invest,https://idbinvest.org/en/projects/mabe,MABE,Mexico,4/16/2019,50,Senior Debt,transaction facilities are presumably senior debt?,"The Project with Mabe is an Uncommitted Revolving Payment Services Facility for US$50 million, or its equivalent in Mex$ (the “Facility”), to provide payment services for suppliers of Mabe or its eligible subsidiaries. The Facility will have an initial tenor of 12 months, renewable on a yearly basis"
IDB Invest,https://idbinvest.org/en/projects/bice-sustainable-bond,BICE Sustainable Bond,Argentina,11/29/2018,12,Senior Debt,,The project consists of an investment of up to US$30 million in a maximum 5-year term sustainable bond to be issued by Banco de Inversión y Comercio Exterior S.A. (“BICE”). Issue of this sustainable bond will be the first of its kind in Argentina; the proceeds will be used to finance projects with h
IDB Invest,https://idbinvest.org/en/projects/banco-pichincha-green-bond,BANCO PICHINCHA - Green Bond,Ecuador,11/8/2018,20,Senior Debt,,This project consists in supporting the first green bond issuance by a private sector entity in Ecuador. Banco Pichincha is issuing green bonds in the local market under a US$250 million program. The bonds will have a maturity of up to five years. The proposal of IDB Invest is to subscribe up to US$
IDB Invest,https://idbinvest.org/en/projects/prodigy-finance-student-loans,Prodigy Finance Student Loans,Latin America Regional,,70,Senior Debt,,"The project consists on the issuance of debt securities under a private placement of up to two hundred million United Stated dollars ($200,000,00.00) (the “Securities”) in order to finance post-graduate student loans. At least 50% of the student loans will be for Latin American and Caribbean student"
